train_or_test,degree_dir_name,iamge_name
train,degree_270,1.jpg
train,degree_90,1.jpg
train,degree_0,1.jpg
train,degree_180,1.jpg
train,degree_270,10.jpg
train,degree_90,10.jpg
train,degree_0,10.jpg
train,degree_180,10.jpg
train,degree_270,100.jpg
train,degree_90,100.jpg
train,degree_0,100.jpg
train,degree_180,100.jpg
train,degree_270,101.jpg
train,degree_90,101.jpg
train,degree_0,101.jpg
train,degree_180,101.jpg
train,degree_270,102.jpg
train,degree_90,102.jpg
train,degree_0,102.jpg
train,degree_180,102.jpg
train,degree_270,103.jpg
train,degree_90,103.jpg
train,degree_0,103.jpg
train,degree_180,103.jpg
train,degree_270,105.jpg
train,degree_90,105.jpg
train,degree_0,105.jpg
train,degree_180,105.jpg
train,degree_270,106.jpg
train,degree_90,106.jpg
train,degree_0,106.jpg
train,degree_180,106.jpg
train,degree_270,107.jpg
train,degree_90,107.jpg
train,degree_0,107.jpg
train,degree_180,107.jpg
train,degree_270,108.jpg
train,degree_90,108.jpg
train,degree_0,108.jpg
train,degree_180,108.jpg
train,degree_270,109.jpg
train,degree_90,109.jpg
train,degree_0,109.jpg
train,degree_180,109.jpg
train,degree_270,11.jpg
train,degree_90,11.jpg
train,degree_0,11.jpg
train,degree_180,11.jpg
train,degree_270,110.jpg
train,degree_90,110.jpg
train,degree_0,110.jpg
train,degree_180,110.jpg
train,degree_270,111.jpg
train,degree_90,111.jpg
train,degree_0,111.jpg
train,degree_180,111.jpg
train,degree_270,112.jpg
train,degree_90,112.jpg
train,degree_0,112.jpg
train,degree_180,112.jpg
train,degree_270,113.jpg
train,degree_90,113.jpg
train,degree_0,113.jpg
train,degree_180,113.jpg
train,degree_270,114.jpg
train,degree_90,114.jpg
train,degree_0,114.jpg
train,degree_180,114.jpg
train,degree_270,115.jpg
train,degree_90,115.jpg
train,degree_0,115.jpg
train,degree_180,115.jpg
train,degree_270,116.jpg
train,degree_90,116.jpg
train,degree_0,116.jpg
train,degree_180,116.jpg
train,degree_270,118.jpg
train,degree_90,118.jpg
train,degree_0,118.jpg
train,degree_180,118.jpg
train,degree_270,119.jpg
train,degree_90,119.jpg
train,degree_0,119.jpg
train,degree_180,119.jpg
train,degree_270,120.jpg
train,degree_90,120.jpg
train,degree_0,120.jpg
train,degree_180,120.jpg
train,degree_270,121.jpg
train,degree_90,121.jpg
train,degree_0,121.jpg
train,degree_180,121.jpg
train,degree_270,122.jpg
train,degree_90,122.jpg
train,degree_0,122.jpg
train,degree_180,122.jpg
train,degree_270,123.jpg
train,degree_90,123.jpg
train,degree_0,123.jpg
train,degree_180,123.jpg
train,degree_270,124.jpg
train,degree_90,124.jpg
train,degree_0,124.jpg
train,degree_180,124.jpg
train,degree_270,125.jpg
train,degree_90,125.jpg
train,degree_0,125.jpg
train,degree_180,125.jpg
train,degree_270,126.jpg
train,degree_90,126.jpg
train,degree_0,126.jpg
train,degree_180,126.jpg
train,degree_270,127.jpg
train,degree_90,127.jpg
train,degree_0,127.jpg
train,degree_180,127.jpg
train,degree_270,128.jpg
train,degree_90,128.jpg
train,degree_0,128.jpg
train,degree_180,128.jpg
train,degree_270,129.jpg
train,degree_90,129.jpg
train,degree_0,129.jpg
train,degree_180,129.jpg
train,degree_270,13.jpg
train,degree_90,13.jpg
train,degree_0,13.jpg
train,degree_180,13.jpg
train,degree_270,130.jpg
train,degree_90,130.jpg
train,degree_0,130.jpg
train,degree_180,130.jpg
train,degree_270,131.jpg
train,degree_90,131.jpg
train,degree_0,131.jpg
train,degree_180,131.jpg
train,degree_270,132.jpg
train,degree_90,132.jpg
train,degree_0,132.jpg
train,degree_180,132.jpg
train,degree_270,133.jpg
train,degree_90,133.jpg
train,degree_0,133.jpg
train,degree_180,133.jpg
train,degree_270,134.jpg
train,degree_90,134.jpg
train,degree_0,134.jpg
train,degree_180,134.jpg
train,degree_270,135.jpg
train,degree_90,135.jpg
train,degree_0,135.jpg
train,degree_180,135.jpg
train,degree_270,136.jpg
train,degree_90,136.jpg
train,degree_0,136.jpg
train,degree_180,136.jpg
train,degree_270,137.jpg
train,degree_90,137.jpg
train,degree_0,137.jpg
train,degree_180,137.jpg
train,degree_270,138.jpg
train,degree_90,138.jpg
train,degree_0,138.jpg
train,degree_180,138.jpg
train,degree_270,139.jpg
train,degree_90,139.jpg
train,degree_0,139.jpg
train,degree_180,139.jpg
train,degree_270,14.jpg
train,degree_90,14.jpg
train,degree_0,14.jpg
train,degree_180,14.jpg
train,degree_270,140.jpg
train,degree_90,140.jpg
train,degree_0,140.jpg
train,degree_180,140.jpg
train,degree_270,141.jpg
train,degree_90,141.jpg
train,degree_0,141.jpg
train,degree_180,141.jpg
train,degree_270,142.jpg
train,degree_90,142.jpg
train,degree_0,142.jpg
train,degree_180,142.jpg
train,degree_270,143.jpg
train,degree_90,143.jpg
train,degree_0,143.jpg
train,degree_180,143.jpg
train,degree_270,144.jpg
train,degree_90,144.jpg
train,degree_0,144.jpg
train,degree_180,144.jpg
train,degree_270,145.jpg
train,degree_90,145.jpg
train,degree_0,145.jpg
train,degree_180,145.jpg
train,degree_270,146.jpg
train,degree_90,146.jpg
train,degree_0,146.jpg
train,degree_180,146.jpg
train,degree_270,147.jpg
train,degree_90,147.jpg
train,degree_0,147.jpg
train,degree_180,147.jpg
train,degree_270,148.jpg
train,degree_90,148.jpg
train,degree_0,148.jpg
train,degree_180,148.jpg
train,degree_270,149.jpg
train,degree_90,149.jpg
train,degree_0,149.jpg
train,degree_180,149.jpg
train,degree_270,15.jpg
train,degree_90,15.jpg
train,degree_0,15.jpg
train,degree_180,15.jpg
train,degree_270,150.jpg
train,degree_90,150.jpg
train,degree_0,150.jpg
train,degree_180,150.jpg
train,degree_270,151.jpg
train,degree_90,151.jpg
train,degree_0,151.jpg
train,degree_180,151.jpg
train,degree_270,152.jpg
train,degree_90,152.jpg
train,degree_0,152.jpg
train,degree_180,152.jpg
train,degree_270,153.jpg
train,degree_90,153.jpg
train,degree_0,153.jpg
train,degree_180,153.jpg
train,degree_270,155.jpg
train,degree_90,155.jpg
train,degree_0,155.jpg
train,degree_180,155.jpg
train,degree_270,156.jpg
train,degree_90,156.jpg
train,degree_0,156.jpg
train,degree_180,156.jpg
train,degree_270,158.jpg
train,degree_90,158.jpg
train,degree_0,158.jpg
train,degree_180,158.jpg
train,degree_270,159.jpg
train,degree_90,159.jpg
train,degree_0,159.jpg
train,degree_180,159.jpg
train,degree_270,16.jpg
train,degree_90,16.jpg
train,degree_0,16.jpg
train,degree_180,16.jpg
train,degree_270,160.jpg
train,degree_90,160.jpg
train,degree_0,160.jpg
train,degree_180,160.jpg
train,degree_270,161.jpg
train,degree_90,161.jpg
train,degree_0,161.jpg
train,degree_180,161.jpg
train,degree_270,162.jpg
train,degree_90,162.jpg
train,degree_0,162.jpg
train,degree_180,162.jpg
train,degree_270,163.jpg
train,degree_90,163.jpg
train,degree_0,163.jpg
train,degree_180,163.jpg
train,degree_270,164.jpg
train,degree_90,164.jpg
train,degree_0,164.jpg
train,degree_180,164.jpg
train,degree_270,165.jpg
train,degree_90,165.jpg
train,degree_0,165.jpg
train,degree_180,165.jpg
train,degree_270,166.jpg
train,degree_90,166.jpg
train,degree_0,166.jpg
train,degree_180,166.jpg
train,degree_270,167.jpg
train,degree_90,167.jpg
train,degree_0,167.jpg
train,degree_180,167.jpg
train,degree_270,169.jpg
train,degree_90,169.jpg
train,degree_0,169.jpg
train,degree_180,169.jpg
train,degree_270,17.jpg
train,degree_90,17.jpg
train,degree_0,17.jpg
train,degree_180,17.jpg
train,degree_270,171.jpg
train,degree_90,171.jpg
train,degree_0,171.jpg
train,degree_180,171.jpg
train,degree_270,172.jpg
train,degree_90,172.jpg
train,degree_0,172.jpg
train,degree_180,172.jpg
train,degree_270,173.jpg
train,degree_90,173.jpg
train,degree_0,173.jpg
train,degree_180,173.jpg
train,degree_270,175.jpg
train,degree_90,175.jpg
train,degree_0,175.jpg
train,degree_180,175.jpg
train,degree_270,176.jpg
train,degree_90,176.jpg
train,degree_0,176.jpg
train,degree_180,176.jpg
train,degree_270,177.jpg
train,degree_90,177.jpg
train,degree_0,177.jpg
train,degree_180,177.jpg
train,degree_270,178.jpg
train,degree_90,178.jpg
train,degree_0,178.jpg
train,degree_180,178.jpg
train,degree_270,179.jpg
train,degree_90,179.jpg
train,degree_0,179.jpg
train,degree_180,179.jpg
train,degree_270,18.jpg
train,degree_90,18.jpg
train,degree_0,18.jpg
train,degree_180,18.jpg
train,degree_270,180.jpg
train,degree_90,180.jpg
train,degree_0,180.jpg
train,degree_180,180.jpg
train,degree_270,181.jpg
train,degree_90,181.jpg
train,degree_0,181.jpg
train,degree_180,181.jpg
train,degree_270,182.jpg
train,degree_90,182.jpg
train,degree_0,182.jpg
train,degree_180,182.jpg
train,degree_270,183.jpg
train,degree_90,183.jpg
train,degree_0,183.jpg
train,degree_180,183.jpg
train,degree_270,184.jpg
train,degree_90,184.jpg
train,degree_0,184.jpg
train,degree_180,184.jpg
train,degree_270,185.jpg
train,degree_90,185.jpg
train,degree_0,185.jpg
train,degree_180,185.jpg
train,degree_270,186.jpg
train,degree_90,186.jpg
train,degree_0,186.jpg
train,degree_180,186.jpg
train,degree_270,187.jpg
train,degree_90,187.jpg
train,degree_0,187.jpg
train,degree_180,187.jpg
train,degree_270,188.jpg
train,degree_90,188.jpg
train,degree_0,188.jpg
train,degree_180,188.jpg
train,degree_270,189.jpg
train,degree_90,189.jpg
train,degree_0,189.jpg
train,degree_180,189.jpg
train,degree_270,19.jpg
train,degree_90,19.jpg
train,degree_0,19.jpg
train,degree_180,19.jpg
train,degree_270,190.jpg
train,degree_90,190.jpg
train,degree_0,190.jpg
train,degree_180,190.jpg
train,degree_270,191.jpg
train,degree_90,191.jpg
train,degree_0,191.jpg
train,degree_180,191.jpg
train,degree_270,192.jpg
train,degree_90,192.jpg
train,degree_0,192.jpg
train,degree_180,192.jpg
train,degree_270,193.jpg
train,degree_90,193.jpg
train,degree_0,193.jpg
train,degree_180,193.jpg
train,degree_270,194.jpg
train,degree_90,194.jpg
train,degree_0,194.jpg
train,degree_180,194.jpg
train,degree_270,195.jpg
train,degree_90,195.jpg
train,degree_0,195.jpg
train,degree_180,195.jpg
train,degree_270,196.jpg
train,degree_90,196.jpg
train,degree_0,196.jpg
train,degree_180,196.jpg
train,degree_270,197.jpg
train,degree_90,197.jpg
train,degree_0,197.jpg
train,degree_180,197.jpg
train,degree_270,198.jpg
train,degree_90,198.jpg
train,degree_0,198.jpg
train,degree_180,198.jpg
train,degree_270,199.jpg
train,degree_90,199.jpg
train,degree_0,199.jpg
train,degree_180,199.jpg
train,degree_270,2.jpg
train,degree_90,2.jpg
train,degree_0,2.jpg
train,degree_180,2.jpg
train,degree_270,200.jpg
train,degree_90,200.jpg
train,degree_0,200.jpg
train,degree_180,200.jpg
train,degree_270,201.jpg
train,degree_90,201.jpg
train,degree_0,201.jpg
train,degree_180,201.jpg
train,degree_270,202.jpg
train,degree_90,202.jpg
train,degree_0,202.jpg
train,degree_180,202.jpg
train,degree_270,203.jpg
train,degree_90,203.jpg
train,degree_0,203.jpg
train,degree_180,203.jpg
train,degree_270,204.jpg
train,degree_90,204.jpg
train,degree_0,204.jpg
train,degree_180,204.jpg
train,degree_270,205.jpg
train,degree_90,205.jpg
train,degree_0,205.jpg
train,degree_180,205.jpg
train,degree_270,206.jpg
train,degree_90,206.jpg
train,degree_0,206.jpg
train,degree_180,206.jpg
train,degree_270,207.jpg
train,degree_90,207.jpg
train,degree_0,207.jpg
train,degree_180,207.jpg
train,degree_270,208.jpg
train,degree_90,208.jpg
train,degree_0,208.jpg
train,degree_180,208.jpg
train,degree_270,209.jpg
train,degree_90,209.jpg
train,degree_0,209.jpg
train,degree_180,209.jpg
train,degree_270,21.jpg
train,degree_90,21.jpg
train,degree_0,21.jpg
train,degree_180,21.jpg
train,degree_270,210.jpg
train,degree_90,210.jpg
train,degree_0,210.jpg
train,degree_180,210.jpg
train,degree_270,212.jpg
train,degree_90,212.jpg
train,degree_0,212.jpg
train,degree_180,212.jpg
train,degree_270,213.jpg
train,degree_90,213.jpg
train,degree_0,213.jpg
train,degree_180,213.jpg
train,degree_270,215.jpg
train,degree_90,215.jpg
train,degree_0,215.jpg
train,degree_180,215.jpg
train,degree_270,216.jpg
train,degree_90,216.jpg
train,degree_0,216.jpg
train,degree_180,216.jpg
train,degree_270,217.jpg
train,degree_90,217.jpg
train,degree_0,217.jpg
train,degree_180,217.jpg
train,degree_270,218.jpg
train,degree_90,218.jpg
train,degree_0,218.jpg
train,degree_180,218.jpg
train,degree_270,219.jpg
train,degree_90,219.jpg
train,degree_0,219.jpg
train,degree_180,219.jpg
train,degree_270,22.jpg
train,degree_90,22.jpg
train,degree_0,22.jpg
train,degree_180,22.jpg
train,degree_270,220.jpg
train,degree_90,220.jpg
train,degree_0,220.jpg
train,degree_180,220.jpg
train,degree_270,221.jpg
train,degree_90,221.jpg
train,degree_0,221.jpg
train,degree_180,221.jpg
train,degree_270,223.jpg
train,degree_90,223.jpg
train,degree_0,223.jpg
train,degree_180,223.jpg
train,degree_270,224.jpg
train,degree_90,224.jpg
train,degree_0,224.jpg
train,degree_180,224.jpg
train,degree_270,225.jpg
train,degree_90,225.jpg
train,degree_0,225.jpg
train,degree_180,225.jpg
train,degree_270,226.jpg
train,degree_90,226.jpg
train,degree_0,226.jpg
train,degree_180,226.jpg
train,degree_270,227.jpg
train,degree_90,227.jpg
train,degree_0,227.jpg
train,degree_180,227.jpg
train,degree_270,228.jpg
train,degree_90,228.jpg
train,degree_0,228.jpg
train,degree_180,228.jpg
train,degree_270,229.jpg
train,degree_90,229.jpg
train,degree_0,229.jpg
train,degree_180,229.jpg
train,degree_270,230.jpg
train,degree_90,230.jpg
train,degree_0,230.jpg
train,degree_180,230.jpg
train,degree_270,231.jpg
train,degree_90,231.jpg
train,degree_0,231.jpg
train,degree_180,231.jpg
train,degree_270,232.jpg
train,degree_90,232.jpg
train,degree_0,232.jpg
train,degree_180,232.jpg
train,degree_270,233.jpg
train,degree_90,233.jpg
train,degree_0,233.jpg
train,degree_180,233.jpg
train,degree_270,234.jpg
train,degree_90,234.jpg
train,degree_0,234.jpg
train,degree_180,234.jpg
train,degree_270,235.jpg
train,degree_90,235.jpg
train,degree_0,235.jpg
train,degree_180,235.jpg
train,degree_270,236.jpg
train,degree_90,236.jpg
train,degree_0,236.jpg
train,degree_180,236.jpg
train,degree_270,237.jpg
train,degree_90,237.jpg
train,degree_0,237.jpg
train,degree_180,237.jpg
train,degree_270,238.jpg
train,degree_90,238.jpg
train,degree_0,238.jpg
train,degree_180,238.jpg
train,degree_270,239.jpg
train,degree_90,239.jpg
train,degree_0,239.jpg
train,degree_180,239.jpg
train,degree_270,240.jpg
train,degree_90,240.jpg
train,degree_0,240.jpg
train,degree_180,240.jpg
train,degree_270,241.jpg
train,degree_90,241.jpg
train,degree_0,241.jpg
train,degree_180,241.jpg
train,degree_270,242.jpg
train,degree_90,242.jpg
train,degree_0,242.jpg
train,degree_180,242.jpg
train,degree_270,243.jpg
train,degree_90,243.jpg
train,degree_0,243.jpg
train,degree_180,243.jpg
train,degree_270,244.jpg
train,degree_90,244.jpg
train,degree_0,244.jpg
train,degree_180,244.jpg
train,degree_270,245.jpg
train,degree_90,245.jpg
train,degree_0,245.jpg
train,degree_180,245.jpg
train,degree_270,246.jpg
train,degree_90,246.jpg
train,degree_0,246.jpg
train,degree_180,246.jpg
train,degree_270,247.jpg
train,degree_90,247.jpg
train,degree_0,247.jpg
train,degree_180,247.jpg
train,degree_270,248.jpg
train,degree_90,248.jpg
train,degree_0,248.jpg
train,degree_180,248.jpg
train,degree_270,25.jpg
train,degree_90,25.jpg
train,degree_0,25.jpg
train,degree_180,25.jpg
train,degree_270,251.jpg
train,degree_90,251.jpg
train,degree_0,251.jpg
train,degree_180,251.jpg
train,degree_270,252.jpg
train,degree_90,252.jpg
train,degree_0,252.jpg
train,degree_180,252.jpg
train,degree_270,254.jpg
train,degree_90,254.jpg
train,degree_0,254.jpg
train,degree_180,254.jpg
train,degree_270,255.jpg
train,degree_90,255.jpg
train,degree_0,255.jpg
train,degree_180,255.jpg
train,degree_270,256.jpg
train,degree_90,256.jpg
train,degree_0,256.jpg
train,degree_180,256.jpg
train,degree_270,257.jpg
train,degree_90,257.jpg
train,degree_0,257.jpg
train,degree_180,257.jpg
train,degree_270,258.jpg
train,degree_90,258.jpg
train,degree_0,258.jpg
train,degree_180,258.jpg
train,degree_270,259.jpg
train,degree_90,259.jpg
train,degree_0,259.jpg
train,degree_180,259.jpg
train,degree_270,26.jpg
train,degree_90,26.jpg
train,degree_0,26.jpg
train,degree_180,26.jpg
train,degree_270,260.jpg
train,degree_90,260.jpg
train,degree_0,260.jpg
train,degree_180,260.jpg
train,degree_270,261.jpg
train,degree_90,261.jpg
train,degree_0,261.jpg
train,degree_180,261.jpg
train,degree_270,262.jpg
train,degree_90,262.jpg
train,degree_0,262.jpg
train,degree_180,262.jpg
train,degree_270,263.jpg
train,degree_90,263.jpg
train,degree_0,263.jpg
train,degree_180,263.jpg
train,degree_270,264.jpg
train,degree_90,264.jpg
train,degree_0,264.jpg
train,degree_180,264.jpg
train,degree_270,265.jpg
train,degree_90,265.jpg
train,degree_0,265.jpg
train,degree_180,265.jpg
train,degree_270,266.jpg
train,degree_90,266.jpg
train,degree_0,266.jpg
train,degree_180,266.jpg
train,degree_270,268.jpg
train,degree_90,268.jpg
train,degree_0,268.jpg
train,degree_180,268.jpg
train,degree_270,269.jpg
train,degree_90,269.jpg
train,degree_0,269.jpg
train,degree_180,269.jpg
train,degree_270,27.jpg
train,degree_90,27.jpg
train,degree_0,27.jpg
train,degree_180,27.jpg
train,degree_270,270.jpg
train,degree_90,270.jpg
train,degree_0,270.jpg
train,degree_180,270.jpg
train,degree_270,271.jpg
train,degree_90,271.jpg
train,degree_0,271.jpg
train,degree_180,271.jpg
train,degree_270,272.jpg
train,degree_90,272.jpg
train,degree_0,272.jpg
train,degree_180,272.jpg
train,degree_270,274.jpg
train,degree_90,274.jpg
train,degree_0,274.jpg
train,degree_180,274.jpg
train,degree_270,275.jpg
train,degree_90,275.jpg
train,degree_0,275.jpg
train,degree_180,275.jpg
train,degree_270,276.jpg
train,degree_90,276.jpg
train,degree_0,276.jpg
train,degree_180,276.jpg
train,degree_270,277.jpg
train,degree_90,277.jpg
train,degree_0,277.jpg
train,degree_180,277.jpg
train,degree_270,278.jpg
train,degree_90,278.jpg
train,degree_0,278.jpg
train,degree_180,278.jpg
train,degree_270,279.jpg
train,degree_90,279.jpg
train,degree_0,279.jpg
train,degree_180,279.jpg
train,degree_270,28.jpg
train,degree_90,28.jpg
train,degree_0,28.jpg
train,degree_180,28.jpg
train,degree_270,280.jpg
train,degree_90,280.jpg
train,degree_0,280.jpg
train,degree_180,280.jpg
train,degree_270,281.jpg
train,degree_90,281.jpg
train,degree_0,281.jpg
train,degree_180,281.jpg
train,degree_270,282.jpg
train,degree_90,282.jpg
train,degree_0,282.jpg
train,degree_180,282.jpg
train,degree_270,283.jpg
train,degree_90,283.jpg
train,degree_0,283.jpg
train,degree_180,283.jpg
train,degree_270,285.jpg
train,degree_90,285.jpg
train,degree_0,285.jpg
train,degree_180,285.jpg
train,degree_270,286.jpg
train,degree_90,286.jpg
train,degree_0,286.jpg
train,degree_180,286.jpg
train,degree_270,287.jpg
train,degree_90,287.jpg
train,degree_0,287.jpg
train,degree_180,287.jpg
train,degree_270,288.jpg
train,degree_90,288.jpg
train,degree_0,288.jpg
train,degree_180,288.jpg
train,degree_270,289.jpg
train,degree_90,289.jpg
train,degree_0,289.jpg
train,degree_180,289.jpg
train,degree_270,29.jpg
train,degree_90,29.jpg
train,degree_0,29.jpg
train,degree_180,29.jpg
train,degree_270,290.jpg
train,degree_90,290.jpg
train,degree_0,290.jpg
train,degree_180,290.jpg
train,degree_270,291.jpg
train,degree_90,291.jpg
train,degree_0,291.jpg
train,degree_180,291.jpg
train,degree_270,292.jpg
train,degree_90,292.jpg
train,degree_0,292.jpg
train,degree_180,292.jpg
train,degree_270,293.jpg
train,degree_90,293.jpg
train,degree_0,293.jpg
train,degree_180,293.jpg
train,degree_270,294.jpg
train,degree_90,294.jpg
train,degree_0,294.jpg
train,degree_180,294.jpg
train,degree_270,296.jpg
train,degree_90,296.jpg
train,degree_0,296.jpg
train,degree_180,296.jpg
train,degree_270,297.jpg
train,degree_90,297.jpg
train,degree_0,297.jpg
train,degree_180,297.jpg
train,degree_270,298.jpg
train,degree_90,298.jpg
train,degree_0,298.jpg
train,degree_180,298.jpg
train,degree_270,299.jpg
train,degree_90,299.jpg
train,degree_0,299.jpg
train,degree_180,299.jpg
train,degree_270,3.jpg
train,degree_90,3.jpg
train,degree_0,3.jpg
train,degree_180,3.jpg
train,degree_270,30.jpg
train,degree_90,30.jpg
train,degree_0,30.jpg
train,degree_180,30.jpg
train,degree_270,300.jpg
train,degree_90,300.jpg
train,degree_0,300.jpg
train,degree_180,300.jpg
train,degree_270,301.jpg
train,degree_90,301.jpg
train,degree_0,301.jpg
train,degree_180,301.jpg
train,degree_270,302.jpg
train,degree_90,302.jpg
train,degree_0,302.jpg
train,degree_180,302.jpg
train,degree_270,303.jpg
train,degree_90,303.jpg
train,degree_0,303.jpg
train,degree_180,303.jpg
train,degree_270,304.jpg
train,degree_90,304.jpg
train,degree_0,304.jpg
train,degree_180,304.jpg
train,degree_270,305.jpg
train,degree_90,305.jpg
train,degree_0,305.jpg
train,degree_180,305.jpg
train,degree_270,306.jpg
train,degree_90,306.jpg
train,degree_0,306.jpg
train,degree_180,306.jpg
train,degree_270,307.jpg
train,degree_90,307.jpg
train,degree_0,307.jpg
train,degree_180,307.jpg
train,degree_270,308.jpg
train,degree_90,308.jpg
train,degree_0,308.jpg
train,degree_180,308.jpg
train,degree_270,309.jpg
train,degree_90,309.jpg
train,degree_0,309.jpg
train,degree_180,309.jpg
train,degree_270,31.jpg
train,degree_90,31.jpg
train,degree_0,31.jpg
train,degree_180,31.jpg
train,degree_270,310.jpg
train,degree_90,310.jpg
train,degree_0,310.jpg
train,degree_180,310.jpg
train,degree_270,311.jpg
train,degree_90,311.jpg
train,degree_0,311.jpg
train,degree_180,311.jpg
train,degree_270,312.jpg
train,degree_90,312.jpg
train,degree_0,312.jpg
train,degree_180,312.jpg
train,degree_270,313.jpg
train,degree_90,313.jpg
train,degree_0,313.jpg
train,degree_180,313.jpg
train,degree_270,314.jpg
train,degree_90,314.jpg
train,degree_0,314.jpg
train,degree_180,314.jpg
train,degree_270,315.jpg
train,degree_90,315.jpg
train,degree_0,315.jpg
train,degree_180,315.jpg
train,degree_270,316.jpg
train,degree_90,316.jpg
train,degree_0,316.jpg
train,degree_180,316.jpg
train,degree_270,317.jpg
train,degree_90,317.jpg
train,degree_0,317.jpg
train,degree_180,317.jpg
train,degree_270,318.jpg
train,degree_90,318.jpg
train,degree_0,318.jpg
train,degree_180,318.jpg
train,degree_270,319.jpg
train,degree_90,319.jpg
train,degree_0,319.jpg
train,degree_180,319.jpg
train,degree_270,32.jpg
train,degree_90,32.jpg
train,degree_0,32.jpg
train,degree_180,32.jpg
train,degree_270,320.jpg
train,degree_90,320.jpg
train,degree_0,320.jpg
train,degree_180,320.jpg
train,degree_270,321.jpg
train,degree_90,321.jpg
train,degree_0,321.jpg
train,degree_180,321.jpg
train,degree_270,322.jpg
train,degree_90,322.jpg
train,degree_0,322.jpg
train,degree_180,322.jpg
train,degree_270,323.jpg
train,degree_90,323.jpg
train,degree_0,323.jpg
train,degree_180,323.jpg
train,degree_270,324.jpg
train,degree_90,324.jpg
train,degree_0,324.jpg
train,degree_180,324.jpg
train,degree_270,326.jpg
train,degree_90,326.jpg
train,degree_0,326.jpg
train,degree_180,326.jpg
train,degree_270,328.jpg
train,degree_90,328.jpg
train,degree_0,328.jpg
train,degree_180,328.jpg
train,degree_270,329.jpg
train,degree_90,329.jpg
train,degree_0,329.jpg
train,degree_180,329.jpg
train,degree_270,33.jpg
train,degree_90,33.jpg
train,degree_0,33.jpg
train,degree_180,33.jpg
train,degree_270,330.jpg
train,degree_90,330.jpg
train,degree_0,330.jpg
train,degree_180,330.jpg
train,degree_270,331.jpg
train,degree_90,331.jpg
train,degree_0,331.jpg
train,degree_180,331.jpg
train,degree_270,332.jpg
train,degree_90,332.jpg
train,degree_0,332.jpg
train,degree_180,332.jpg
train,degree_270,333.jpg
train,degree_90,333.jpg
train,degree_0,333.jpg
train,degree_180,333.jpg
train,degree_270,334.jpg
train,degree_90,334.jpg
train,degree_0,334.jpg
train,degree_180,334.jpg
train,degree_270,335.jpg
train,degree_90,335.jpg
train,degree_0,335.jpg
train,degree_180,335.jpg
train,degree_270,336.jpg
train,degree_90,336.jpg
train,degree_0,336.jpg
train,degree_180,336.jpg
train,degree_270,337.jpg
train,degree_90,337.jpg
train,degree_0,337.jpg
train,degree_180,337.jpg
train,degree_270,338.jpg
train,degree_90,338.jpg
train,degree_0,338.jpg
train,degree_180,338.jpg
train,degree_270,340.jpg
train,degree_90,340.jpg
train,degree_0,340.jpg
train,degree_180,340.jpg
train,degree_270,341.jpg
train,degree_90,341.jpg
train,degree_0,341.jpg
train,degree_180,341.jpg
train,degree_270,342.jpg
train,degree_90,342.jpg
train,degree_0,342.jpg
train,degree_180,342.jpg
train,degree_270,343.jpg
train,degree_90,343.jpg
train,degree_0,343.jpg
train,degree_180,343.jpg
train,degree_270,344.jpg
train,degree_90,344.jpg
train,degree_0,344.jpg
train,degree_180,344.jpg
train,degree_270,346.jpg
train,degree_90,346.jpg
train,degree_0,346.jpg
train,degree_180,346.jpg
train,degree_270,347.jpg
train,degree_90,347.jpg
train,degree_0,347.jpg
train,degree_180,347.jpg
train,degree_270,349.jpg
train,degree_90,349.jpg
train,degree_0,349.jpg
train,degree_180,349.jpg
train,degree_270,35.jpg
train,degree_90,35.jpg
train,degree_0,35.jpg
train,degree_180,35.jpg
train,degree_270,350.jpg
train,degree_90,350.jpg
train,degree_0,350.jpg
train,degree_180,350.jpg
train,degree_270,351.jpg
train,degree_90,351.jpg
train,degree_0,351.jpg
train,degree_180,351.jpg
train,degree_270,352.jpg
train,degree_90,352.jpg
train,degree_0,352.jpg
train,degree_180,352.jpg
train,degree_270,353.jpg
train,degree_90,353.jpg
train,degree_0,353.jpg
train,degree_180,353.jpg
train,degree_270,354.jpg
train,degree_90,354.jpg
train,degree_0,354.jpg
train,degree_180,354.jpg
train,degree_270,355.jpg
train,degree_90,355.jpg
train,degree_0,355.jpg
train,degree_180,355.jpg
train,degree_270,356.jpg
train,degree_90,356.jpg
train,degree_0,356.jpg
train,degree_180,356.jpg
train,degree_270,357.jpg
train,degree_90,357.jpg
train,degree_0,357.jpg
train,degree_180,357.jpg
train,degree_270,358.jpg
train,degree_90,358.jpg
train,degree_0,358.jpg
train,degree_180,358.jpg
train,degree_270,359.jpg
train,degree_90,359.jpg
train,degree_0,359.jpg
train,degree_180,359.jpg
train,degree_270,362.jpg
train,degree_90,362.jpg
train,degree_0,362.jpg
train,degree_180,362.jpg
train,degree_270,363.jpg
train,degree_90,363.jpg
train,degree_0,363.jpg
train,degree_180,363.jpg
train,degree_270,365.jpg
train,degree_90,365.jpg
train,degree_0,365.jpg
train,degree_180,365.jpg
train,degree_270,366.jpg
train,degree_90,366.jpg
train,degree_0,366.jpg
train,degree_180,366.jpg
train,degree_270,367.jpg
train,degree_90,367.jpg
train,degree_0,367.jpg
train,degree_180,367.jpg
train,degree_270,369.jpg
train,degree_90,369.jpg
train,degree_0,369.jpg
train,degree_180,369.jpg
train,degree_270,37.jpg
train,degree_90,37.jpg
train,degree_0,37.jpg
train,degree_180,37.jpg
train,degree_270,370.jpg
train,degree_90,370.jpg
train,degree_0,370.jpg
train,degree_180,370.jpg
train,degree_270,371.jpg
train,degree_90,371.jpg
train,degree_0,371.jpg
train,degree_180,371.jpg
train,degree_270,372.jpg
train,degree_90,372.jpg
train,degree_0,372.jpg
train,degree_180,372.jpg
train,degree_270,373.jpg
train,degree_90,373.jpg
train,degree_0,373.jpg
train,degree_180,373.jpg
train,degree_270,374.jpg
train,degree_90,374.jpg
train,degree_0,374.jpg
train,degree_180,374.jpg
train,degree_270,375.jpg
train,degree_90,375.jpg
train,degree_0,375.jpg
train,degree_180,375.jpg
train,degree_270,376.jpg
train,degree_90,376.jpg
train,degree_0,376.jpg
train,degree_180,376.jpg
train,degree_270,377.jpg
train,degree_90,377.jpg
train,degree_0,377.jpg
train,degree_180,377.jpg
train,degree_270,378.jpg
train,degree_90,378.jpg
train,degree_0,378.jpg
train,degree_180,378.jpg
train,degree_270,379.jpg
train,degree_90,379.jpg
train,degree_0,379.jpg
train,degree_180,379.jpg
train,degree_270,38.jpg
train,degree_90,38.jpg
train,degree_0,38.jpg
train,degree_180,38.jpg
train,degree_270,380.jpg
train,degree_90,380.jpg
train,degree_0,380.jpg
train,degree_180,380.jpg
train,degree_270,381.jpg
train,degree_90,381.jpg
train,degree_0,381.jpg
train,degree_180,381.jpg
train,degree_270,382.jpg
train,degree_90,382.jpg
train,degree_0,382.jpg
train,degree_180,382.jpg
train,degree_270,383.jpg
train,degree_90,383.jpg
train,degree_0,383.jpg
train,degree_180,383.jpg
train,degree_270,384.jpg
train,degree_90,384.jpg
train,degree_0,384.jpg
train,degree_180,384.jpg
train,degree_270,385.jpg
train,degree_90,385.jpg
train,degree_0,385.jpg
train,degree_180,385.jpg
train,degree_270,386.jpg
train,degree_90,386.jpg
train,degree_0,386.jpg
train,degree_180,386.jpg
train,degree_270,387.jpg
train,degree_90,387.jpg
train,degree_0,387.jpg
train,degree_180,387.jpg
train,degree_270,389.jpg
train,degree_90,389.jpg
train,degree_0,389.jpg
train,degree_180,389.jpg
train,degree_270,39.jpg
train,degree_90,39.jpg
train,degree_0,39.jpg
train,degree_180,39.jpg
train,degree_270,390.jpg
train,degree_90,390.jpg
train,degree_0,390.jpg
train,degree_180,390.jpg
train,degree_270,391.jpg
train,degree_90,391.jpg
train,degree_0,391.jpg
train,degree_180,391.jpg
train,degree_270,392.jpg
train,degree_90,392.jpg
train,degree_0,392.jpg
train,degree_180,392.jpg
train,degree_270,393.jpg
train,degree_90,393.jpg
train,degree_0,393.jpg
train,degree_180,393.jpg
train,degree_270,394.jpg
train,degree_90,394.jpg
train,degree_0,394.jpg
train,degree_180,394.jpg
train,degree_270,395.jpg
train,degree_90,395.jpg
train,degree_0,395.jpg
train,degree_180,395.jpg
train,degree_270,396.jpg
train,degree_90,396.jpg
train,degree_0,396.jpg
train,degree_180,396.jpg
train,degree_270,397.jpg
train,degree_90,397.jpg
train,degree_0,397.jpg
train,degree_180,397.jpg
train,degree_270,398.jpg
train,degree_90,398.jpg
train,degree_0,398.jpg
train,degree_180,398.jpg
train,degree_270,4.jpg
train,degree_90,4.jpg
train,degree_0,4.jpg
train,degree_180,4.jpg
train,degree_270,40.jpg
train,degree_90,40.jpg
train,degree_0,40.jpg
train,degree_180,40.jpg
train,degree_270,400.jpg
train,degree_90,400.jpg
train,degree_0,400.jpg
train,degree_180,400.jpg
train,degree_270,401.jpg
train,degree_90,401.jpg
train,degree_0,401.jpg
train,degree_180,401.jpg
train,degree_270,402.jpg
train,degree_90,402.jpg
train,degree_0,402.jpg
train,degree_180,402.jpg
train,degree_270,403.jpg
train,degree_90,403.jpg
train,degree_0,403.jpg
train,degree_180,403.jpg
train,degree_270,404.jpg
train,degree_90,404.jpg
train,degree_0,404.jpg
train,degree_180,404.jpg
train,degree_270,405.jpg
train,degree_90,405.jpg
train,degree_0,405.jpg
train,degree_180,405.jpg
train,degree_270,407.jpg
train,degree_90,407.jpg
train,degree_0,407.jpg
train,degree_180,407.jpg
train,degree_270,408.jpg
train,degree_90,408.jpg
train,degree_0,408.jpg
train,degree_180,408.jpg
train,degree_270,409.jpg
train,degree_90,409.jpg
train,degree_0,409.jpg
train,degree_180,409.jpg
train,degree_270,41.jpg
train,degree_90,41.jpg
train,degree_0,41.jpg
train,degree_180,41.jpg
train,degree_270,410.jpg
train,degree_90,410.jpg
train,degree_0,410.jpg
train,degree_180,410.jpg
train,degree_270,411.jpg
train,degree_90,411.jpg
train,degree_0,411.jpg
train,degree_180,411.jpg
train,degree_270,412.jpg
train,degree_90,412.jpg
train,degree_0,412.jpg
train,degree_180,412.jpg
train,degree_270,413.jpg
train,degree_90,413.jpg
train,degree_0,413.jpg
train,degree_180,413.jpg
train,degree_270,414.jpg
train,degree_90,414.jpg
train,degree_0,414.jpg
train,degree_180,414.jpg
train,degree_270,415.jpg
train,degree_90,415.jpg
train,degree_0,415.jpg
train,degree_180,415.jpg
train,degree_270,416.jpg
train,degree_90,416.jpg
train,degree_0,416.jpg
train,degree_180,416.jpg
train,degree_270,417.jpg
train,degree_90,417.jpg
train,degree_0,417.jpg
train,degree_180,417.jpg
train,degree_270,418.jpg
train,degree_90,418.jpg
train,degree_0,418.jpg
train,degree_180,418.jpg
train,degree_270,419.jpg
train,degree_90,419.jpg
train,degree_0,419.jpg
train,degree_180,419.jpg
train,degree_270,42.jpg
train,degree_90,42.jpg
train,degree_0,42.jpg
train,degree_180,42.jpg
train,degree_270,421.jpg
train,degree_90,421.jpg
train,degree_0,421.jpg
train,degree_180,421.jpg
train,degree_270,422.jpg
train,degree_90,422.jpg
train,degree_0,422.jpg
train,degree_180,422.jpg
train,degree_270,423.jpg
train,degree_90,423.jpg
train,degree_0,423.jpg
train,degree_180,423.jpg
train,degree_270,424.jpg
train,degree_90,424.jpg
train,degree_0,424.jpg
train,degree_180,424.jpg
train,degree_270,425.jpg
train,degree_90,425.jpg
train,degree_0,425.jpg
train,degree_180,425.jpg
train,degree_270,426.jpg
train,degree_90,426.jpg
train,degree_0,426.jpg
train,degree_180,426.jpg
train,degree_270,427.jpg
train,degree_90,427.jpg
train,degree_0,427.jpg
train,degree_180,427.jpg
train,degree_270,429.jpg
train,degree_90,429.jpg
train,degree_0,429.jpg
train,degree_180,429.jpg
train,degree_270,43.jpg
train,degree_90,43.jpg
train,degree_0,43.jpg
train,degree_180,43.jpg
train,degree_270,430.jpg
train,degree_90,430.jpg
train,degree_0,430.jpg
train,degree_180,430.jpg
train,degree_270,431.jpg
train,degree_90,431.jpg
train,degree_0,431.jpg
train,degree_180,431.jpg
train,degree_270,432.jpg
train,degree_90,432.jpg
train,degree_0,432.jpg
train,degree_180,432.jpg
train,degree_270,433.jpg
train,degree_90,433.jpg
train,degree_0,433.jpg
train,degree_180,433.jpg
train,degree_270,434.jpg
train,degree_90,434.jpg
train,degree_0,434.jpg
train,degree_180,434.jpg
train,degree_270,435.jpg
train,degree_90,435.jpg
train,degree_0,435.jpg
train,degree_180,435.jpg
train,degree_270,436.jpg
train,degree_90,436.jpg
train,degree_0,436.jpg
train,degree_180,436.jpg
train,degree_270,437.jpg
train,degree_90,437.jpg
train,degree_0,437.jpg
train,degree_180,437.jpg
train,degree_270,438.jpg
train,degree_90,438.jpg
train,degree_0,438.jpg
train,degree_180,438.jpg
train,degree_270,44.jpg
train,degree_90,44.jpg
train,degree_0,44.jpg
train,degree_180,44.jpg
train,degree_270,441.jpg
train,degree_90,441.jpg
train,degree_0,441.jpg
train,degree_180,441.jpg
train,degree_270,442.jpg
train,degree_90,442.jpg
train,degree_0,442.jpg
train,degree_180,442.jpg
train,degree_270,443.jpg
train,degree_90,443.jpg
train,degree_0,443.jpg
train,degree_180,443.jpg
train,degree_270,444.jpg
train,degree_90,444.jpg
train,degree_0,444.jpg
train,degree_180,444.jpg
train,degree_270,445.jpg
train,degree_90,445.jpg
train,degree_0,445.jpg
train,degree_180,445.jpg
train,degree_270,446.jpg
train,degree_90,446.jpg
train,degree_0,446.jpg
train,degree_180,446.jpg
train,degree_270,46.jpg
train,degree_90,46.jpg
train,degree_0,46.jpg
train,degree_180,46.jpg
train,degree_270,47.jpg
train,degree_90,47.jpg
train,degree_0,47.jpg
train,degree_180,47.jpg
train,degree_270,48.jpg
train,degree_90,48.jpg
train,degree_0,48.jpg
train,degree_180,48.jpg
train,degree_270,49.jpg
train,degree_90,49.jpg
train,degree_0,49.jpg
train,degree_180,49.jpg
train,degree_270,5.jpg
train,degree_90,5.jpg
train,degree_0,5.jpg
train,degree_180,5.jpg
train,degree_270,50.jpg
train,degree_90,50.jpg
train,degree_0,50.jpg
train,degree_180,50.jpg
train,degree_270,52.jpg
train,degree_90,52.jpg
train,degree_0,52.jpg
train,degree_180,52.jpg
train,degree_270,53.jpg
train,degree_90,53.jpg
train,degree_0,53.jpg
train,degree_180,53.jpg
train,degree_270,54.jpg
train,degree_90,54.jpg
train,degree_0,54.jpg
train,degree_180,54.jpg
train,degree_270,55.jpg
train,degree_90,55.jpg
train,degree_0,55.jpg
train,degree_180,55.jpg
train,degree_270,56.jpg
train,degree_90,56.jpg
train,degree_0,56.jpg
train,degree_180,56.jpg
train,degree_270,57.jpg
train,degree_90,57.jpg
train,degree_0,57.jpg
train,degree_180,57.jpg
train,degree_270,58.jpg
train,degree_90,58.jpg
train,degree_0,58.jpg
train,degree_180,58.jpg
train,degree_270,59.jpg
train,degree_90,59.jpg
train,degree_0,59.jpg
train,degree_180,59.jpg
train,degree_270,6.jpg
train,degree_90,6.jpg
train,degree_0,6.jpg
train,degree_180,6.jpg
train,degree_270,61.jpg
train,degree_90,61.jpg
train,degree_0,61.jpg
train,degree_180,61.jpg
train,degree_270,62.jpg
train,degree_90,62.jpg
train,degree_0,62.jpg
train,degree_180,62.jpg
train,degree_270,63.jpg
train,degree_90,63.jpg
train,degree_0,63.jpg
train,degree_180,63.jpg
train,degree_270,64.jpg
train,degree_90,64.jpg
train,degree_0,64.jpg
train,degree_180,64.jpg
train,degree_270,65.jpg
train,degree_90,65.jpg
train,degree_0,65.jpg
train,degree_180,65.jpg
train,degree_270,66.jpg
train,degree_90,66.jpg
train,degree_0,66.jpg
train,degree_180,66.jpg
train,degree_270,68.jpg
train,degree_90,68.jpg
train,degree_0,68.jpg
train,degree_180,68.jpg
train,degree_270,69.jpg
train,degree_90,69.jpg
train,degree_0,69.jpg
train,degree_180,69.jpg
train,degree_270,7.jpg
train,degree_90,7.jpg
train,degree_0,7.jpg
train,degree_180,7.jpg
train,degree_270,70.jpg
train,degree_90,70.jpg
train,degree_0,70.jpg
train,degree_180,70.jpg
train,degree_270,72.jpg
train,degree_90,72.jpg
train,degree_0,72.jpg
train,degree_180,72.jpg
train,degree_270,73.jpg
train,degree_90,73.jpg
train,degree_0,73.jpg
train,degree_180,73.jpg
train,degree_270,74.jpg
train,degree_90,74.jpg
train,degree_0,74.jpg
train,degree_180,74.jpg
train,degree_270,75.jpg
train,degree_90,75.jpg
train,degree_0,75.jpg
train,degree_180,75.jpg
train,degree_270,76.jpg
train,degree_90,76.jpg
train,degree_0,76.jpg
train,degree_180,76.jpg
train,degree_270,77.jpg
train,degree_90,77.jpg
train,degree_0,77.jpg
train,degree_180,77.jpg
train,degree_270,78.jpg
train,degree_90,78.jpg
train,degree_0,78.jpg
train,degree_180,78.jpg
train,degree_270,79.jpg
train,degree_90,79.jpg
train,degree_0,79.jpg
train,degree_180,79.jpg
train,degree_270,80.jpg
train,degree_90,80.jpg
train,degree_0,80.jpg
train,degree_180,80.jpg
train,degree_270,81.jpg
train,degree_90,81.jpg
train,degree_0,81.jpg
train,degree_180,81.jpg
train,degree_270,82.jpg
train,degree_90,82.jpg
train,degree_0,82.jpg
train,degree_180,82.jpg
train,degree_270,83.jpg
train,degree_90,83.jpg
train,degree_0,83.jpg
train,degree_180,83.jpg
train,degree_270,84.jpg
train,degree_90,84.jpg
train,degree_0,84.jpg
train,degree_180,84.jpg
train,degree_270,85.jpg
train,degree_90,85.jpg
train,degree_0,85.jpg
train,degree_180,85.jpg
train,degree_270,86.jpg
train,degree_90,86.jpg
train,degree_0,86.jpg
train,degree_180,86.jpg
train,degree_270,87.jpg
train,degree_90,87.jpg
train,degree_0,87.jpg
train,degree_180,87.jpg
train,degree_270,88.jpg
train,degree_90,88.jpg
train,degree_0,88.jpg
train,degree_180,88.jpg
train,degree_270,89.jpg
train,degree_90,89.jpg
train,degree_0,89.jpg
train,degree_180,89.jpg
train,degree_270,9.jpg
train,degree_90,9.jpg
train,degree_0,9.jpg
train,degree_180,9.jpg
train,degree_270,90.jpg
train,degree_90,90.jpg
train,degree_0,90.jpg
train,degree_180,90.jpg
train,degree_270,91.jpg
train,degree_90,91.jpg
train,degree_0,91.jpg
train,degree_180,91.jpg
train,degree_270,92.jpg
train,degree_90,92.jpg
train,degree_0,92.jpg
train,degree_180,92.jpg
train,degree_270,94.jpg
train,degree_90,94.jpg
train,degree_0,94.jpg
train,degree_180,94.jpg
train,degree_270,95.jpg
train,degree_90,95.jpg
train,degree_0,95.jpg
train,degree_180,95.jpg
train,degree_270,97.jpg
train,degree_90,97.jpg
train,degree_0,97.jpg
train,degree_180,97.jpg
train,degree_270,98.jpg
train,degree_90,98.jpg
train,degree_0,98.jpg
train,degree_180,98.jpg
train,degree_270,99.jpg
train,degree_90,99.jpg
train,degree_0,99.jpg
train,degree_180,99.jpg
